Business Name,Address,Booking URL,Google Maps Link
Paradigm Healing,5201 Carlson Park dr.#5 Arcata CA 95519,https://ee-system.com/paradigm-healing-2639,"https://www.google.com/maps/place/Paradigm+Healing/@46.423669,156.2291664,3z/data=!4m10!1m2!2m1!1sparadigm+healing+maps+google!3m6!1s0x87cf6f359ee4e6a5:0xc40cb1c45d8e00d8!8m2!3d46.423669!4d-129.9427086!15sChxwYXJhZGlnbSBoZWFsaW5nIG1hcHMgZ29vZ2xlIgOIAQGSARFoZWFsdGhfY29uc3VsdGFudKoBXgoNL2cvMTFxMjRsZjZ2bRABKhQiEHBhcmFkaWdtIGhlYWxpbmcoADIfEAEiGwS5Wcp1HTcIkfVoeKRSKvs1Q35ANyN7FF6wPjIUEAIiEHBhcmFkaWdtIGhlYWxpbmfgAQA!16s%2Fg%2F11q24lf6vm?entry=ttu&g_ep=EgoyMDI1MDgxOS4wIKXMDSoASAFQAw%3D%3D"
Freedom Health,3105 Lombard Ave  Everett Wa 98201,https://ee-system.com/freedom-health-1090,"https://www.google.com/maps/place/Freedom+Health+Club/@47.976266,-122.2071717,17z/data=!3m1!4b1!4m6!3m5!1s0x549aab006bf6babb:0x8cf7ebef08b2034f!8m2!3d47.9762625!4d-122.2025583!16s%2Fg%2F11mdmk8wq8?entry=ttu&g_ep=EgoyMDI1MDgxOS4wIKXMDSoASAFQAw%3D%3D"
Cloud-9 Wellness,"92 Bridge st Dedham, MA 02026",https://ee-system.com/cloud-9-wellness,"https://www.google.com/maps/place/Cloud+9+Wellness/@42.3548509,-122.8680602,17z/data=!3m1!4b1!4m6!3m5!1s0x54cf7ba41564871b:0xc138165fa3558833!8m2!3d42.3548509!4d-122.8680602!16s%2Fg%2F11dzsc3yd7?entry=ttu&g_ep=EgoyMDI1MDgxOS4wIKXMDSoASAFQAw%3D%3D"
Enhancing Energy Collective,10159 Caryks Road,"https://ee-system.com/enhancing-energy-collective-7669","https://www.google.com/maps/place/Eesystem+-+Enhancing+Energy+Collective/@49.1120624,-121.9100918,17z/data=!3m1!4b1!4m6!3m5!1s0x5484418269579b61:0x780d0332ef12a5c3!8m2!3d49.1120624!4d-121.9100918!16s%2Fg%2F11txpqg36g?entry=ttu&g_ep=EgoyMDI1MDgxOS4wIKXMDSoASAFQAw%3D%3D"
Amplified Healing Lounge,"Sardinera Office Center PR-693 Suite 1 Dorado, PR",https://ee-system.com/amplified-healing-lounge-9615,"https://www.google.com/maps/place/Amplified+Healing+Lounge/@18.466325,-66.2793881,17z/data=!3m1!4b1!4m6!3m5!1s0x8c0349c8c0411e99:0x8afc02262366b99e!8m2!3d18.466325!4d-66.2793881!16s%2Fg%2F11y5rt2bl5?entry=ttu&g_ep=EgoyMDI1MDgxOS4wIKXMDSoASAFQAw%3D%3D"
EES Harmonija telesa in srca d.o.o.,Šlandrova ulica 8d,"https://ee-system.com/ees-harmonija-telesa-in-srca-3458","https://www.google.com/maps/place/Harmonija+telesa/@46.150741,14.2491255,9z/data=!4m10!1m2!2m1!1sees+harmonija+telesa+in+srca+d.o.o.+%C5%A1landrova+ulica+8d+map!3m6!1s0x476570ee60f1448d:0xbf0efbbf71244e8a!8m2!3d46.238361!4d15.2756301!15sCjtlZXMgaGFybW9uaWphIHRlbGVzYSBpbiBzcmNhIGQuby5vLiDFoWxhbmRyb3ZhIHVsaWNhIDhkIG1hcOABAA!16s%2Fg%2F11h_6pxw6s?entry=ttu&g_ep=EgoyMDI1MDgxOS4wIKXMDSoASAFQAw%3D%3D"
EE Wellness Within,18 Wattle Avenue Mildura Vic Australia 3500,https://ee-system.com/ee-wellness-within-4175,"https://www.google.com/maps/place/EE+Wellness+Within/@-34.190345,142.1522259,17z/data=!3m1!4b1!4m6!3m5!1s0x6ac303003895818f:0x281af9e04acd781a!8m2!3d-34.190345!4d142.1522259!16s%2Fg%2F11xckwpcm2?entry=ttu&g_ep=EgoyMDI1MDgxOS4wIKXMDSoASAFQAw%3D%3D"
Cornerstone Wellness Center,220 West Broadway Ave,https://ee-system.com/cornerstone-wellness-center-2556,"https://www.google.com/maps/place/Cornerstone+Wellness+Center/@33.3790366,-111.6807154,17z/data=!3m1!4b1!4m6!3m5!1s0x872bae2f9ad79d6d:0x74671df901a4267f!8m2!3d33.3790366!4d-111.6781405!16s%2Fg%2F1tdn944n?entry=ttu&g_ep=EgoyMDI1MDgxOS4wIKXMDSoASAFQAw%3D%3D"
Organique Wellness Center,2000 Wisconsin Avenue Unit N1A Racine WI 53403,https://ee-system.com/organique-wellness-center-3244,https://www.mapquest.com/us/wisconsin/organique-wellness-center-776337098
ReZENergize Sanctuary,"1102 E 80th St. Indianapolis, IN 46240",https://ee-system.com/rezenergize-sanctuary-8799,"https://www.google.com/maps/place/ReZENergize+Sanctuary/@39.7793182,-86.4623946,10z/data=!3m1!4b1!4m6!3m5!1s0x640fdc2213937215:0x1a0832ab19724b44!8m2!3d39.7797845!4d-86.13275!16s%2Fg%2F11khzg62s_?entry=ttu&g_ep=EgoyMDI1MDgxOS4wIKXMDSoASAFQAw%3D%3D"
IQuantum Wellness Sanctuary,11/20-22 Ranelagh Drive,https://ee-system.com/iquantum-wellness-sanctuary-2321,"https://www.google.com/maps/place/IQuantum+Wellness+Sanctuary/@-38.1843669,145.088086,17z/data=!3m1!4b1!4m6!3m5!1s0x6ad5df12f8c32bed:0x67b7ea54b9b9260b!8m2!3d-38.1843669!4d145.088086!16s%2Fg%2F11y3wxj798?entry=ttu&g_ep=EgoyMDI1MDgxOS4wIKXMDSoASAFQAw%3D%3D"
Divinity Wellness,"3465 Rebecca Street, Unit - 103",https://ee-system.com/divinity-wellness-8495,"https://www.google.com/maps/place/Divinity+Wellness/@43.3838993,-79.7386766,17z/data=!3m1!4b1!4m6!3m5!1s0x882b5f54d75479bd:0xcaa4515b343de862!8m2!3d43.3838954!4d-79.7361017!16s%2Fg%2F11w1cbvfy0?entry=ttu&g_ep=EgoyMDI1MDgxOS4wIKXMDSoASAFQAw%3D%3D"
Energy Enhancement Experience,"190 E Spring Valley Pike, Centerville OH  45458",https://ee-system.com/energy-enhancement-experience,"https://www.google.com/maps/place/Energy+Enhancement+Experience/@39.612151,-84.1603913,17z/data=!3m1!4b1!4m6!3m5!1s0x88408f5cf694cd83:0xd32f1bd0ddf0cb56!8m2!3d39.612151!4d-84.1578164!16s%2Fg%2F11svnl4b3r?entry=ttu&g_ep=EgoyMDI1MDgxOS4wIKXMDSoASAFQAw%3D%3D"
"Scalar Wave Therapy, LLC","2741 South US Highway 35, ,Logansport, IN 46947",https://ee-system.com/scalar-wave-therapy-llc-7102,"https://www.google.com/maps/place/Scalar+Wave+Therapy,+LLC/@40.7299392,-86.2938107,17z/data=!3m1!4b1!4m6!3m5!1s0x88138728cd1f2507:0x1305bb6c4652d1b6!8m2!3d40.7299392!4d-86.2938107!16s%2Fg%2F11l5vrxdvj?entry=ttu&g_ep=EgoyMDI1MDgxOS4wIKXMDSoASAFQAw%3D%3D"
Regenesys Wellness Center,126 Gary Roden Drive,https://ee-system.com/regenesys-wellness-center-301980,"https://www.google.com/maps/place/ReGenesys+Wellness+Center/@34.160438,-86.0682141,17z/data=!3m1!4b1!4m6!3m5!1s0x888a170422e411cd:0x85735647c2cbb2bc!8m2!3d34.160438!4d-86.0682141!16s%2Fg%2F11sv5816f_?entry=ttu&g_ep=EgoyMDI1MDgxOS4wIKXMDSoASAFQAw%3D%3D"
The Energy Room,"200 W Palmetto Park Road, Suite 204",https://ee-system.com/the-energy-room-florida-213859,"https://www.google.com/maps/place/The+Energy+Room/@26.3500322,-80.0902012,17z/data=!3m1!4b1!4m6!3m5!1s0x88d8e313689f03f1:0x29e0174d1e84f990!8m2!3d26.3500322!4d-80.0902012!16s%2Fg%2F11s7wjcpb6?entry=ttu&g_ep=EgoyMDI1MDgyNC4wIKXMDSoASAFQAw%3D%3D"
Sydney Energy Healing Hub,129 Victoria Road,"https://ee-system.com/sydney-energy-healing-hub-6113","https://www.google.com/maps/place/Sydney+Energy+Healing+Hub/@-33.8359679,151.1288279,17z/data=!3m1!4b1!4m6!3m5!1s0x6b12a5e9059f4fed:0xcf25f69712dece21!8m2!3d-33.8359679!4d151.1288279!16s%2Fg%2F11srtcd0_8?entry=ttu&g_ep=EgoyMDI1MDgyNC4wIKXMDSoASAFQAw%3D%3D"
Quantum Healing Center - Copenhagen,"Ryesgade 27, Baghuset, 1. sal, 2200 Copenhagen N, Denmark",https://ee-system.com/quantum-healing-center-copenhagen-198855,"https://www.google.com/maps/place/Quantum+Healing+Center/@55.6927332,12.5669674,17z/data=!3m1!4b1!4m6!3m5!1s0x4652534ba100da39:0xb1ab8eae2fe3421d!8m2!3d55.6927332!4d12.5669674!16s%2Fg%2F11str09h24?entry=ttu&g_ep=EgoyMDI1MDgyNC4wIKXMDSoASAFQAw%3D%3D"
VIBRANT LIFESTYLE COLLECTIVE BV,"Xavier de Cocklaan, 70, bus 7",https://ee-system.com/vibrant-lifestyle-collective-bv-8244,
Revitalife Wellness,"302 - 52224 Range Road 231, Sherwood Park, Alberta, Canada, T8B1N3",https://ee-system.com/revitalife-wellness-6317,"https://www.google.com/maps/place/Revitalife+Wellness/@53.4862487,-113.2818988,17z/data=!3m1!4b1!4m6!3m5!1s0x53a01747aca64bd5:0xa22b89d88487bc1d!8m2!3d53.4862487!4d-113.2818988!16s%2Fg%2F11vl8k3rz1?entry=ttu&g_ep=EgoyMDI1MDgyNC4wIKXMDSoASAFQAw%3D%3D"
The Light Room,"38 Pasadora Place, Smith RD, George Town, Grand Cayman",https://ee-system.com/the-light-room-6459,"https://www.google.com/maps/place/The+Light+Room/@19.2887919,-81.3781739,17z/data=!3m1!4b1!4m6!3m5!1s0x8f25874bb29919a9:0xe22bcb42745e269f!8m2!3d19.2887919!4d-81.3781739!16s%2Fg%2F11vm3655ch?entry=ttu&g_ep=EgoyMDI1MDgyNC4wIKXMDSoASAFQAw%3D%3D"
Quantum Center Odsherred,"Holtevej 18, 4571 Grevinge",https://ee-system.com/quantum-center-odsherred-1532,"https://www.google.com/maps/place/Quantum+Center,+Odsherred/@55.816384,11.6089619,17z/data=!3m1!4b1!4m6!3m5!1s0x464d871dc58f667d:0xa323dfb417e79f79!8m2!3d55.816384!4d11.6089619!16s%2Fg%2F11xm8s7s48?entry=ttu&g_ep=EgoyMDI1MDgyNC4wIKXMDSoASAFQAw%3D%3D"
Magnolia Quantum Wellness & Medspa,11 Knob Road Mount Pocono PA 18344,https://ee-system.com/magnolia-wellness-center-5037,"https://www.google.com/maps/place/Magnolia+Quantum+Wellness+Center+%26+MedSpa+%7C+Medispa+Mount+Pocono+%7C+Holistic+Wellness+18344/@41.1191685,-75.3539937,17z/data=!3m1!4b1!4m6!3m5!1s0x89c4f3546d834447:0x5082ac3a79f2772f!8m2!3d41.1191685!4d-75.3539937!16s%2Fg%2F11rvdn6trg?entry=ttu&g_ep=EgoyMDI1MDgyNC4wIKXMDSoASAFQAw%3D%3D"
Maui Scalar Room,"810 Kokomo Rd. Suite 102, Haiku, HI 96708",https://ee-system.com/maui-scalar-room,"https://www.google.com/maps/place/Maui+Scalar+Room/@20.9142138,-156.3235232,17z/data=!3m1!4b1!4m6!3m5!1s0x7eab35f868b47e55:0x48727a48ec885197!8m2!3d20.9142138!4d-156.3235232!16s%2Fg%2F11v07kzxyg?entry=ttu&g_ep=EgoyMDI1MDgyNC4wIKXMDSoASAFQAw%3D%3D"
Energie Divine,"460 Saint-Charles West, Longueuil, Quebec, Canada J4H 1G4",https://ee-system.com/energie-divine-4002,"https://www.google.com/maps/place/Energie+Divine/@45.5350018,-73.5165044,17z/data=!3m1!4b1!4m6!3m5!1s0x4cc91b23196ac219:0xc418f1fbfedbf336!8m2!3d45.5350018!4d-73.5139295!16s%2Fg%2F11kjslj67m?entry=ttu&g_ep=EgoyMDI1MDgyNC4wIKXMDSoASAFQAw%3D%3D"
Energie Spa,"Arne plaat 3a, 4341PE, Arnemuiden",https://ee-system.com/energie-spa,"https://www.google.com/maps/place/Energie+Spa/@51.5107101,3.7084894,17z/data=!3m1!4b1!4m6!3m5!1s0x47c4914b48039327:0xe0e0c86dd026a193!8m2!3d51.5107101!4d3.7084894!16s%2Fg%2F11stqpbybk?entry=ttu&g_ep=EgoyMDI1MDgyNC4wIKXMDSoASAFQAw%3D%3D"
Florida Frequency Farm PMA,"17519 SW 95th Ave. Archer, Florida 32618-3403",https://ee-system.com/florida-frequency-farm-6094,"https://www.google.com/maps/place/Florida+Frequency+Farm/@29.5650994,-82.5288946,17z/data=!3m1!4b1!4m6!3m5!1s0x88e895004e1a33b1:0x99b9dcf580d92ee3!8m2!3d29.5650994!4d-82.5288946!16s%2Fg%2F11whrxjsf1?entry=ttu&g_ep=EgoyMDI1MDgyNC4wIKXMDSoASAFQAw%3D%3D"